id,dia,mes,ano,casos confirmados,novos casos,recuperados,novos recuperados,obitos,novos obitos,dia da semana,media movel confirmados,media movel obitos
1,16,mar,2020,0,0,0,0,0,0,segunda-feira,0,0
2,17,mar,2020,1,1,0,0,0,0,terça-feira,0,0
3,18,mar,2020,1,0,0,0,0,0,quarta-feira,0,0
4,19,mar,2020,1,0,0,0,0,0,quinta-feira,0,0
5,20,mar,2020,3,2,0,0,0,0,sexta-feira,0,0
6,21,mar,2020,3,0,0,0,0,0,sabado,0,0
7,22,mar,2020,3,0,0,0,0,0,domingo,0.43,0.0
8,23,mar,2020,3,0,0,0,0,0,segunda-feira,0.43,0.0
9,24,mar,2020,3,0,0,0,0,0,terça-feira,0.29,0.0
10,25,mar,2020,3,0,0,0,0,0,quarta-feira,0.29,0.0
11,26,mar,2020,3,0,0,0,0,0,quinta-feira,0.29,0.0
12,27,mar,2020,3,0,0,0,0,0,sexta-feira,0.0,0.0
13,28,mar,2020,5,2,0,0,0,0,sabado,0.29,0.0
14,29,mar,2020,7,2,0,0,0,0,domingo,0.57,0.0
15,30,mar,2020,13,6,0,0,0,0,segunda-feira,1.43,0.0
16,31,mar,2020,24,11,3,3,0,0,terça-feira,3.0,0.0
17,01,abr,2020,26,2,3,0,0,0,quarta-feira,3.29,0.0
18,02,abr,2020,34,8,3,0,0,0,quinta-feira,4.43,0.0
19,03,abr,2020,36,2,5,2,1,1,sexta-feira,4.71,0.14
20,04,abr,2020,38,2,5,0,1,0,sabado,4.71,0.14
21,05,abr,2020,51,13,5,0,1,0,domingo,6.29,0.14
22,06,abr,2020,55,4,11,6,1,0,segunda-feira,6.0,0.14
23,07,abr,2020,58,3,19,8,2,1,terça-feira,4.86,0.29
24,08,abr,2020,60,2,33,14,2,0,quarta-feira,4.86,0.29
25,09,abr,2020,61,1,39,6,2,0,quinta-feira,3.86,0.29
26,10,abr,2020,65,4,39,0,3,1,sexta-feira,4.14,0.29
27,11,abr,2020,68,3,45,6,4,1,sabado,4.29,0.43
28,12,abr,2020,69,1,45,0,4,0,domingo,2.57,0.43
29,13,abr,2020,72,3,48,3,4,0,segunda-feira,2.43,0.43
30,14,abr,2020,74,2,50,2,4,0,terça-feira,2.29,0.29
31,15,abr,2020,74,0,50,0,4,0,quarta-feira,2.0,0.29
32,16,abr,2020,76,2,53,3,4,0,quinta-feira,2.14,0.29
33,17,abr,2020,81,5,53,0,5,1,sexta-feira,2.29,0.29
34,18,abr,2020,83,2,53,0,6,1,sabado,2.14,0.29
35,19,abr,2020,90,7,55,2,7,1,domingo,3.0,0.43
36,20,abr,2020,90,0,61,6,7,0,segunda-feira,2.57,0.43
37,21,abr,2020,90,0,66,5,8,1,terça-feira,2.29,0.57
38,22,abr,2020,90,0,65,0,8,0,quarta-feira,2.29,0.57
39,23,abr,2020,92,2,66,0,9,1,quinta-feira,2.29,0.71
40,24,abr,2020,93,1,66,0,10,1,sexta-feira,1.71,0.71
41,25,abr,2020,96,3,67,1,13,3,sabado,1.86,1.0
42,26,abr,2020,97,1,67,0,13,0,domingo,1.0,0.86
43,27,abr,2020,99,2,68,1,13,0,segunda-feira,1.29,0.86
44,28,abr,2020,100,1,69,1,13,0,terça-feira,1.43,0.71
45,29,abr,2020,102,2,70,1,13,0,quarta-feira,1.71,0.71
46,30,abr,2020,102,0,70,0,13,0,quinta-feira,1.43,0.57
47,01,mai,2020,104,2,71,1,13,0,sexta-feira,1.57,0.43
48,02,mai,2020,106,2,72,1,13,0,sabado,1.43,0.0
49,03,mai,2020,108,2,72,0,13,0,domingo,1.57,0.0
50,04,mai,2020,108,0,72,0,13,0,segunda-feira,1.29,0.0
51,05,mai,2020,110,2,76,4,13,0,terça-feira,1.43,0.0
52,06,mai,2020,110,0,76,0,14,1,quarta-feira,1.14,0.14
53,07,mai,2020,110,0,77,1,14,0,quinta-feira,1.14,0.14
54,08,mai,2020,112,2,88,11,14,0,sexta-feira,1.14,0.14
55,09,mai,2020,112,0,88,0,14,0,sabado,0.86,0.14
56,10,mai,2020,112,0,88,0,14,0,domingo,0.57,0.14
57,11,mai,2020,117,5,92,4,15,1,segunda-feira,1.29,0.29
58,12,mai,2020,120,3,92,0,15,0,terça-feira,1.43,0.29
59,13,mai,2020,122,2,95,3,15,0,quarta-feira,1.71,0.14
60,14,mai,2020,122,0,95,0,15,0,quinta-feira,1.71,0.14
61,15,mai,2020,125,3,98,3,15,0,sexta-feira,1.86,0.14
62,16,mai,2020,126,1,98,0,15,0,sabado,2.0,0.14
63,17,mai,2020,134,8,98,0,16,1,domingo,3.14,0.29
64,18,mai,2020,143,9,98,0,16,0,segunda-feira,3.71,0.14
65,19,mai,2020,162,19,101,3,18,2,terça-feira,6.0,0.43
66,20,mai,2020,175,13,105,4,18,0,quarta-feira,7.57,0.43
67,21,mai,2020,197,22,112,7,19,1,quinta-feira,10.71,0.57
68,22,mai,2020,226,29,120,8,20,1,sexta-feira,14.43,0.71
69,23,mai,2020,255,29,122,2,20,0,sabado,18.43,0.71
70,24,mai,2020,272,17,122,0,20,0,domingo,19.71,0.57
71,25,mai,2020,297,25,132,10,20,0,segunda-feira,22.0,0.57
72,26,mai,2020,306,9,132,0,20,0,terça-feira,20.57,0.29
73,27,mai,2020,321,15,176,44,21,1,quarta-feira,20.86,0.43
74,28,mai,2020,340,19,183,7,21,0,quinta-feira,20.43,0.29
75,29,mai,2020,366,26,197,14,22,1,sexta-feira,20.0,0.29
76,30,mai,2020,403,37,197,0,24,2,sabado,21.14,0.57
77,31,mai,2020,413,10,197,0,24,0,domingo,20.14,0.57
78,01,jun,2020,435,22,240,43,25,1,segunda-feira,19.71,0.71
79,02,jun,2020,452,17,270,30,28,3,terça-feira,20.86,1.14
80,03,jun,2020,492,40,295,25,30,2,quarta-feira,24.43,1.29
81,04,jun,2020,511,19,326,31,31,1,quinta-feira,24.43,1.43
82,05,jun,2020,540,29,342,16,31,0,sexta-feira,24.86,1.29
83,06,jun,2020,571,31,345,3,31,0,sabado,24.0,1.0
84,07,jun,2020,587,16,345,0,31,0,domingo,24.86,1.0
85,08,jun,2020,597,10,397,52,34,3,segunda-feira,23.14,1.29
86,09,jun,2020,641,44,439,42,34,0,terça-feira,27.0,0.86
87,10,jun,2020,676,35,462,23,34,0,quarta-feira,26.29,0.57
88,11,jun,2020,723,47,462,0,35,1,quinta-feira,30.29,0.57
89,12,jun,2020,735,12,463,1,37,2,sexta-feira,27.86,0.86
90,13,jun,2020,790,55,513,50,40,3,sabado,31.29,1.29
91,14,jun,2020,795,5,512,0,45,5,domingo,29.71,2.0
92,15,jun,2020,855,60,550,37,50,5,segunda-feira,36.86,2.29
93,16,jun,2020,893,38,577,27,51,1,terça-feira,36.0,2.43
94,17,jun,2020,915,22,612,35,53,2,quarta-feira,34.14,2.71
95,18,jun,2020,929,14,644,32,56,3,quinta-feira,29.43,3.0
96,19,jun,2020,997,68,644,0,59,3,sexta-feira,37.43,3.14
97,20,jun,2020,1042,45,645,1,60,1,sabado,36.0,2.86
98,21,jun,2020,1070,28,645,0,62,2,domingo,39.29,2.43
99,22,jun,2020,1080,10,723,78,62,0,segunda-feira,32.14,1.71
100,23,jun,2020,1096,16,778,55,64,2,terça-feira,29.0,1.86
101,24,jun,2020,1130,34,855,77,66,2,quarta-feira,30.71,1.86
102,25,jun,2020,1176,46,879,24,68,2,quinta-feira,35.29,1.71
103,26,jun,2020,1194,18,930,51,72,4,sexta-feira,28.14,1.86
104,27,jun,2020,1257,63,933,3,75,3,sabado,30.71,2.14
105,28,jun,2020,1294,37,933,0,76,1,domingo,32.0,2.0
106,29,jun,2020,1305,11,978,45,78,2,segunda-feira,32.14,2.29
107,30,jun,2020,1336,31,1011,33,81,3,terça-feira,34.29,2.43
108,01,jul,2020,1346,10,1051,40,82,1,quarta-feira,30.86,2.29
109,02,jul,2020,1370,24,1091,40,83,1,quinta-feira,27.71,2.14
110,03,jul,2020,1394,24,1145,54,85,2,sexta-feira,28.57,1.86
111,04,jul,2020,1455,61,1161,16,86,1,sabado,28.29,1.57
112,05,jul,2020,1559,104,1161,0,85,0,domingo,37.86,1.43
113,06,jul,2020,1592,33,1211,50,88,2,segunda-feira,41.0,1.43
114,07,jul,2020,1694,102,1310,99,90,2,terça-feira,51.14,1.29
115,08,jul,2020,1761,67,1366,56,91,1,quarta-feira,59.29,1.29
116,09,jul,2020,1800,39,1428,62,93,2,quinta-feira,61.43,1.43
117,10,jul,2020,1825,25,1486,58,93,0,sexta-feira,61.57,1.14
118,11,jul,2020,1890,65,1526,40,93,0,sabado,62.14,1.0
119,12,jul,2020,1897,7,1526,0,93,0,domingo,48.29,1.0
120,13,jul,2020,1926,29,1611,85,95,2,segunda-feira,47.71,1.0
121,14,jul,2020,2057,131,1658,47,97,2,terça-feira,51.86,1.0
122,15,jul,2020,2136,79,1700,42,97,0,quarta-feira,53.57,0.86
123,16,jul,2020,2244,108,1748,48,98,1,quinta-feira,63.43,0.71
124,17,jul,2020,2285,41,1837,89,99,1,sexta-feira,65.71,0.86
125,18,jul,2020,2370,85,1839,2,100,1,sabado,68.57,1.0
126,19,jul,2020,2403,33,1921,82,101,1,domingo,72.29,1.14
127,20,jul,2020,2441,38,2049,128,104,3,segunda-feira,73.57,1.29
128,21,jul,2020,2457,16,2112,63,105,1,terça-feira,57.14,1.14
129,22,jul,2020,2583,126,2219,107,107,2,quarta-feira,63.86,1.43
130,23,jul,2020,2673,90,2326,107,107,0,quinta-feira,61.29,1.29
131,24,jul,2020,2720,47,2411,85,109,2,sexta-feira,62.14,1.43
132,25,jul,2020,2819,99,2411,0,111,2,sabado,64.14,1.57
133,26,jul,2020,2862,43,2502,91,111,0,domingo,65.57,1.43
134,27,jul,2020,2913,51,2518,16,111,0,segunda-feira,67.43,1.0
135,28,jul,2020,2946,33,2586,68,112,1,terça-feira,69.86,1.0
136,29,jul,2020,3037,91,2626,40,112,0,quarta-feira,64.86,0.71
137,30,jul,2020,3136,99,2794,168,115,3,quinta-feira,66.14,1.14
138,31,jul,2020,3199,63,2879,85,118,3,sexta-feira,68.43,1.29
139,01,ago,2020,3304,105,2995,116,121,3,sabado,69.29,1.43
140,02,ago,2020,3341,37,2995,0,121,0,domingo,68.43,1.43
141,03,ago,2020,3402,61,3024,29,122,1,segunda-feira,69.86,1.57
142,04,ago,2020,3480,78,3078,54,124,2,terça-feira,76.29,1.71
143,05,ago,2020,3535,55,3150,72,126,2,quarta-feira,71.14,2.0
144,06,ago,2020,3566,31,3159,9,128,2,quinta-feira,61.43,1.86
145,07,ago,2020,3661,95,3336,177,129,1,sexta-feira,66.0,1.57
146,08,ago,2020,3709,48,3343,7,131,2,sabado,57.86,1.43
147,09,ago,2020,3750,41,3343,0,131,0,domingo,58.43,1.43
148,10,ago,2020,3799,49,3412,69,134,3,segunda-feira,56.71,1.71
149,11,ago,2020,3860,61,3512,100,137,3,terça-feira,54.29,1.86
150,12,ago,2020,3951,91,3583,71,138,1,quarta-feira,59.43,1.71
151,13,ago,2020,4034,83,3640,57,141,3,quinta-feira,66.86,1.86
152,14,ago,2020,4110,76,3748,108,142,1,sexta-feira,64.14,1.86
153,15,ago,2020,4208,98,3751,3,145,3,sabado,71.29,2.0
154,16,ago,2020,4245,37,3751,0,147,2,domingo,70.71,2.29
155,17,ago,2020,4293,48,3862,111,151,4,segunda-feira,70.57,2.43
156,18,ago,2020,4401,108,3895,33,152,1,terça-feira,77.29,2.14
157,19,ago,2020,4423,22,3968,73,152,0,quarta-feira,67.43,2.0
158,20,ago,2020,4503,80,4009,41,155,3,quinta-feira,67.0,2.0
159,21,ago,2020,4540,37,4010,1,156,1,sexta-feira,61.43,2.0
160,22,ago,2020,4670,130,4036,26,156,0,sabado,66.0,1.57
161,23,ago,2020,4821,151,4036,0,156,0,domingo,82.29,1.29
162,24,ago,2020,4963,142,4148,112,156,0,segunda-feira,95.71,0.71
163,25,ago,2020,5068,105,4488,340,158,2,terça-feira,95.29,0.86
164,26,ago,2020,5228,160,4600,112,158,0,quarta-feira,115.0,0.86
165,27,ago,2020,5371,143,4663,63,161,3,quinta-feira,124.0,0.86
166,28,ago,2020,5536,165,4881,218,162,1,sexta-feira,142.29,0.86
167,29,ago,2020,5680,144,4881,0,163,1,sabado,144.29,1.0
168,30,ago,2020,5829,149,5086,205,165,2,domingo,144.0,1.29
169,31,ago,2020,5896,67,5184,98,168,3,segunda-feira,133.29,1.71
170,01,set,2020,6070,174,5316,132,170,2,terça-feira,143.14,1.71
171,02,set,2020,6242,172,5600,284,174,4,quarta-feira,144.86,2.29
172,03,set,2020,6394,152,5724,124,179,5,quinta-feira,146.14,2.57
173,04,set,2020,6535,141,5866,142,183,4,sexta-feira,142.71,3.0
174,05,set,2020,6717,182,5925,59,186,3,sabado,148.14,3.29
175,06,set,2020,6880,163,5963,38,188,2,domingo,150.14,3.29
176,07,set,2020,7050,170,6003,40,192,4,segunda-feira,164.86,3.43
177,08,set,2020,7172,122,6334,331,196,4,terça-feira,157.43,3.71
178,09,set,2020,7380,208,6635,301,200,4,quarta-feira,162.57,3.71
179,10,set,2020,7493,113,6845,210,205,5,quinta-feira,157.0,3.71
180,11,set,2020,7619,126,7178,333,211,6,sexta-feira,154.86,4.0
181,12,set,2020,7829,210,7194,16,211,0,sabado,158.86,3.57
182,13,set,2020,7916,87,7206,12,212,1,domingo,148.0,3.43
183,14,set,2020,7993,77,7510,304,214,2,segunda-feira,134.71,3.14
184,15,set,2020,8159,166,7672,162,218,4,terça-feira,141.0,3.14
185,16,set,2020,8296,137,7762,90,221,3,quarta-feira,130.86,3.0
186,17,set,2020,8330,34,7879,117,224,3,quinta-feira,119.57,2.71
187,18,set,2020,8462,132,7989,110,228,4,sexta-feira,120.43,2.43
188,19,set,2020,8605,143,8029,40,231,3,sabado,110.86,2.86
189,20,set,2020,8691,86,8053,24,234,3,domingo,110.71,3.14
190,21,set,2020,8809,118,8266,213,236,2,segunda-feira,116.57,3.14
191,22,set,2020,9100,291,8523,257,237,1,terça-feira,134.43,2.71
192,23,set,2020,9281,181,8755,232,242,5,quarta-feira,140.71,3.0
193,24,set,2020,9391,110,8906,151,245,3,quinta-feira,151.57,3.0
194,25,set,2020,9578,187,9078,172,247,2,sexta-feira,159.43,2.71
195,26,set,2020,9768,190,9094,16,249,2,sabado,166.14,2.57
196,27,set,2020,9907,139,9144,50,251,2,domingo,173.71,2.43
197,28,set,2020,10020,113,9414,270,253,2,segunda-feira,173.0,2.43
198,29,set,2020,10125,105,9550,136,255,2,terça-feira,146.43,2.57
199,30,set,2020,10192,67,9630,80,258,3,quarta-feira,130.14,2.29
200,01,out,2020,10292,100,9770,140,262,4,quinta-feira,128.71,2.43
201,02,out,2020,10393,101,9856,86,265,3,sexta-feira,116.43,2.57
202,03,out,2020,10512,119,9859,3,265,0,sabado,106.29,2.29
203,04,out,2020,10707,195,9922,63,265,0,domingo,114.29,2.0
204,05,out,2020,10845,138,10332,410,268,3,segunda-feira,117.86,2.14
205,06,out,2020,11015,170,10507,175,270,2,terça-feira,127.14,2.14
206,07,out,2020,11100,85,10603,96,271,1,quarta-feira,129.71,1.86
207,08,out,2020,11202,102,10684,81,272,1,quinta-feira,130.0,1.43
208,09,out,2020,11272,70,10756,72,274,2,sexta-feira,125.57,1.29
209,10,out,2020,11315,43,10756,0,275,1,sabado,114.71,1.43
210,11,out,2020,11344,29,10759,3,276,1,domingo,91.0,1.57
211,12,out,2020,11380,36,10760,1,279,3,segunda-feira,76.43,1.57
212,13,out,2020,11401,21,10942,182,282,3,terça-feira,55.14,1.71
213,14,out,2020,11495,94,11004,62,285,3,quarta-feira,56.43,2.0
214,15,out,2020,11530,35,11049,45,288,3,quinta-feira,46.86,2.29
215,16,out,2020,11583,53,11116,67,289,1,sexta-feira,44.43,2.14
216,17,out,2020,11646,63,11119,3,291,2,sabado,47.29,2.29
217,18,out,2020,11687,41,11127,8,292,1,domingo,49.0,2.29
218,19,out,2020,11732,45,11235,108,294,2,segunda-feira,50.29,2.14
219,20,out,2020,11808,76,11293,58,296,2,terça-feira,58.14,2.0
220,21,out,2020,11898,90,11392,99,297,1,quarta-feira,57.57,1.71
221,22,out,2020,11969,71,11465,73,298,1,quinta-feira,62.71,1.43
222,23,out,2020,12056,87,11529,64,301,3,sexta-feira,67.57,1.71
223,24,out,2020,12170,114,11576,47,302,1,sabado,74.86,1.57
224,25,out,2020,12225,55,11608,32,302,0,domingo,76.86,1.43
225,26,out,2020,12249,24,11707,99,306,4,segunda-feira,73.86,1.71
226,27,out,2020,12301,52,11736,29,309,3,terça-feira,70.43,1.86
227,28,out,2020,12324,23,11825,89,310,1,quarta-feira,60.86,1.86
228,29,out,2020,12473,149,11912,87,311,1,quinta-feira,72.0,1.86
229,30,out,2020,12550,77,11912,0,314,3,sexta-feira,70.57,1.86
230,31,out,2020,12595,45,11912,0,315,1,sabado,60.71,1.86
231,01,nov,2020,12638,43,11916,4,317,2,domingo,59.0,2.14
232,02,nov,2020,12691,53,11931,15,317,0,segunda-feira,63.14,1.57
233,03,nov,2020,12730,39,12187,256,320,3,terça-feira,61.29,1.57
234,04,nov,2020,12762,32,12233,46,323,3,quarta-feira,62.57,1.86
235,05,nov,2020,12809,47,12292,59,325,2,quinta-feira,48.0,2.0
236,06,nov,2020,12885,76,12359,67,325,0,sexta-feira,47.86,1.57
237,07,nov,2020,12959,74,12369,10,326,1,sabado,52.0,1.57
238,08,nov,2020,13002,43,12385,16,327,1,domingo,52.0,1.43
239,09,nov,2020,13035,33,12507,122,329,2,segunda-feira,49.14,1.71
240,10,nov,2020,13091,56,12555,48,332,3,terça-feira,51.57,1.71
241,11,nov,2020,13169,78,12630,75,333,1,quarta-feira,58.14,1.43
242,12,nov,2020,13194,25,12652,22,335,2,quinta-feira,55.0,1.43
243,13,nov,2020,13234,40,12777,125,337,2,sexta-feira,49.86,1.71
244,14,nov,2020,13354,120,12777,0,337,0,sabado,56.43,1.57
245,15,nov,2020,13438,84,12792,15,338,1,domingo,62.29,1.57
246,16,nov,2020,13480,42,12961,169,339,1,segunda-feira,63.57,1.43
247,17,nov,2020,13603,123,13024,63,340,1,terça-feira,73.14,1.14
248,18,nov,2020,13659,56,13096,72,341,1,quarta-feira,70.0,1.14
249,19,nov,2020,13796,137,13257,161,342,1,quinta-feira,86.0,1.0
250,20,nov,2020,13980,184,13358,101,342,0,sexta-feira,106.57,0.71
251,21,nov,2020,14105,125,13359,1,344,2,sabado,107.29,1.0
252,22,nov,2020,14217,112,13504,145,344,0,domingo,111.29,0.86
253,23,nov,2020,14271,54,13659,155,347,3,segunda-feira,113.0,1.14
254,24,nov,2020,14324,53,13742,83,349,2,terça-feira,103.0,1.29
255,25,nov,2020,14562,238,13882,140,349,0,quarta-feira,129.0,1.14
256,26,nov,2020,14699,137,14025,143,349,0,quinta-feira,129.0,1.0
257,27,nov,2020,14788,89,14108,83,351,2,sexta-feira,115.43,1.29
258,28,nov,2020,14963,175,14139,31,351,0,sabado,122.57,1.0
259,29,nov,2020,15041,78,14362,223,351,0,domingo,117.71,1.0
260,30,nov,2020,15139,98,14441,79,351,0,segunda-feira,124.0,0.57
261,01,dez,2020,15239,100,14498,57,354,3,terça-feira,130.71,0.71
262,02,dez,2020,15417,178,14674,176,358,4,quarta-feira,122.14,1.29
263,03,dez,2020,15540,123,14767,93,360,2,quinta-feira,120.14,1.57
264,04,dez,2020,15604,64,14863,96,361,1,sexta-feira,116.57,1.43
265,05,dez,2020,15790,186,14968,105,362,1,sabado,118.14,1.57
266,06,dez,2020,15944,154,15123,155,364,2,domingo,129.0,1.86
267,07,dez,2020,16008,64,15248,125,365,1,segunda-feira,124.14,2.0
268,08,dez,2020,16178,170,15416,168,369,4,terça-feira,134.14,2.14
269,09,dez,2020,16791,613,16040,624,371,2,quarta-feira,196.29,1.86
270,10,dez,2020,16961,170,16200,160,372,1,quinta-feira,203.0,1.71
271,11,dez,2020,17190,229,16378,178,374,2,sexta-feira,226.57,1.86
272,12,dez,2020,17281,91,16522,144,377,3,sabado,213.0,2.14
273,13,dez,2020,17446,165,16740,218,380,3,domingo,214.57,2.29
274,14,dez,2020,17601,155,16899,159,383,3,segunda-feira,227.57,2.57
275,15,dez,2020,17851,250,17102,203,387,4,terça-feira,239.0,2.57
276,16,dez,2020,18010,159,17156,54,393,6,quarta-feira,174.14,3.14
277,17,dez,2020,18262,252,17457,301,398,5,quinta-feira,185.86,3.71
278,18,dez,2020,18590,328,17537,80,402,4,sexta-feira,200.0,4.0
279,19,dez,2020,18738,148,17860,323,404,2,sabado,208.14,3.86
280,20,dez,2020,18925,187,18058,198,405,1,domingo,211.29,3.57
281,21,dez,2020,19025,100,18252,194,406,1,segunda-feira,203.43,3.29
282,22,dez,2020,19399,374,18601,349,408,2,terça-feira,221.14,3.0
283,23,dez,2020,19703,304,18971,370,412,4,quarta-feira,241.86,2.71
284,24,dez,2020,19991,288,19280,309,414,2,quinta-feira,247.0,2.29
285,25,dez,2020,20234,243,19410,130,416,2,sexta-feira,234.86,2.0
286,26,dez,2020,20434,200,19714,304,419,3,sabado,242.29,2.14
287,27,dez,2020,20685,251,19982,268,420,1,domingo,251.43,2.14
288,28,dez,2020,20892,207,20195,213,425,5,segunda-feira,266.71,2.71
289,29,dez,2020,21226,334,20518,323,429,4,terça-feira,261.0,3.0
290,30,dez,2020,21549,323,20819,301,431,2,quarta-feira,263.71,2.71
291,31,dez,2020,21873,324,20908,89,436,5,quinta-feira,268.86,3.14
292,01,jan,2021,21951,78,20929,21,438,2,sexta-feira,245.29,3.14
293,02,jan,2021,22248,297,21439,510,443,5,sabado,259.14,3.43
294,03,jan,2021,22500,252,21546,107,447,4,domingo,259.29,3.86
295,04,jan,2021,22666,166,21885,339,454,7,segunda-feira,253.43,4.14
296,05,jan,2021,22972,306,22176,291,457,3,terça-feira,249.43,4.0
297,06,jan,2021,23201,229,22373,197,461,4,quarta-feira,236.0,4.29
298,07,jan,2021,23481,280,22624,251,464,3,quinta-feira,229.71,4.0
299,08,jan,2021,23722,241,22824,200,472,8,sexta-feira,253.0,4.86
300,09,jan,2021,23925,203,22988,164,475,3,sabado,239.57,4.57
301,10,jan,2021,24236,311,23274,286,478,3,domingo,248.0,4.43
302,11,jan,2021,24400,164,23525,251,481,3,segunda-feira,247.71,3.86
303,12,jan,2021,24608,208,23740,215,485,4,terça-feira,233.71,4.0
304,13,jan,2021,24893,285,23873,133,492,7,quarta-feira,241.71,4.43
305,14,jan,2021,25134,241,24226,353,496,4,quinta-feira,236.14,4.57
306,15,jan,2021,25379,245,24512,286,501,5,sexta-feira,236.71,4.14
307,16,jan,2021,25607,228,24777,265,502,1,sabado,240.29,3.86
308,17,jan,2021,25905,298,24958,181,505,3,domingo,238.43,3.86
309,18,jan,2021,26039,134,25111,153,507,2,segunda-feira,234.14,3.71
310,19,jan,2021,26350,311,25422,311,512,5,terça-feira,248.86,3.86
311,20,jan,2021,26755,405,25716,294,517,5,quarta-feira,266.0,3.57
312,21,jan,2021,27160,405,26171,455,525,8,quinta-feira,289.43,4.14
313,22,jan,2021,27569,409,26612,441,536,11,sexta-feira,312.86,5.0
314,23,jan,2021,27896,327,26888,276,540,4,sabado,327.0,5.43
315,24,jan,2021,28206,310,27175,287,541,1,domingo,328.71,5.14
316,25,jan,2021,28423,217,27401,226,545,4,segunda-feira,340.57,5.43
317,26,jan,2021,28737,314,27758,357,549,4,terça-feira,341.0,5.29
318,27,jan,2021,29352,615,28319,561,557,8,quarta-feira,371.0,5.71
319,28,jan,2021,29727,375,28652,333,564,7,quinta-feira,366.71,5.57
320,29,jan,2021,30234,507,29291,639,569,5,sexta-feira,380.71,4.71
321,30,jan,2021,30234,0,29291,0,569,0,sabado,334.0,4.14
322,31,jan,2021,30561,327,29565,274,572,3,domingo,336.43,4.43
323,01,fev,2021,30778,217,29715,150,578,6,segunda-feira,336.43,4.71
324,02,fev,2021,31081,303,29973,258,583,5,terça-feira,334.86,4.86
325,03,fev,2021,31408,327,30320,347,589,6,quarta-feira,293.71,4.57
326,04,fev,2021,31788,380,30773,453,594,5,quinta-feira,294.43,4.29
327,05,fev,2021,32042,254,31064,291,599,5,sexta-feira,258.29,4.29
328,06,fev,2021,32578,536,31435,371,603,4,sabado,334.86,4.86
329,07,fev,2021,32953,375,31811,376,605,2,domingo,341.71,4.71
330,08,fev,2021,33094,141,32048,237,609,4,segunda-feira,330.86,4.43
331,09,fev,2021,33383,289,32260,212,615,6,terça-feira,328.86,4.57
332,10,fev,2021,33688,305,32539,279,624,9,quarta-feira,325.71,5.0
333,11,fev,2021,34016,328,32836,297,629,5,quinta-feira,318.29,5.0
334,12,fev,2021,34177,161,33022,186,633,4,sexta-feira,305.0,4.86
335,13,fev,2021,34377,200,33156,134,637,4,sabado,257.0,4.86
336,14,fev,2021,34489,112,33293,137,637,0,domingo,219.43,4.57
337,15,fev,2021,34607,118,33429,136,643,6,segunda-feira,216.14,4.86
338,16,fev,2021,34729,122,33551,122,648,5,terça-feira,192.29,4.71
339,17,fev,2021,34876,147,33740,189,653,5,quarta-feira,169.71,4.14
340,18,fev,2021,35038,162,33952,212,659,6,quinta-feira,146.0,4.29
341,19,fev,2021,35286,248,34198,246,662,3,sexta-feira,158.43,4.14
342,20,fev,2021,35489,203,34337,139,665,3,sabado,158.86,4.0
343,21,fev,2021,35705,216,34442,105,668,3,domingo,173.71,4.43
344,22,fev,2021,35773,68,34576,134,669,1,segunda-feira,166.57,3.71
345,23,fev,2021,36072,299,34771,195,672,3,terça-feira,191.86,3.43
346,24,fev,2021,36374,302,35102,331,675,3,quarta-feira,214.0,3.14
347,25,fev,2021,36688,314,35366,264,683,8,quinta-feira,235.71,3.43
348,26,fev,2021,36991,303,35669,303,691,8,sexta-feira,243.57,4.14
349,27,fev,2021,37343,352,35994,325,694,3,sabado,264.86,4.14
350,28,fev,2021,37673,330,36229,235,697,3,domingo,281.14,4.14
351,01,mar,2021,37876,203,36483,254,701,4,segunda-feira,300.43,4.57
352,02,mar,2021,38176,300,36767,284,706,5,terça-feira,300.57,4.86
353,03,mar,2021,38476,300,37041,274,713,7,quarta-feira,300.29,5.43
354,04,mar,2021,38738,262,37315,274,720,7,quinta-feira,292.86,5.29
355,05,mar,2021,38998,260,37590,275,724,4,sexta-feira,286.71,4.71
356,06,mar,2021,39210,212,37640,50,727,3,sabado,266.71,4.71
357,07,mar,2021,39375,165,37904,264,733,6,domingo,243.14,5.14
358,08,mar,2021,39619,244,38260,356,743,10,segunda-feira,249.0,6.0
359,09,mar,2021,39884,265,38483,223,754,11,terça-feira,244.0,6.86
360,10,mar,2021,40156,272,38826,343,762,8,quarta-feira,240.0,7.0
361,11,mar,2021,40430,274,39113,287,774,12,quinta-feira,241.71,7.71
362,12,mar,2021,40711,281,39413,300,784,10,sexta-feira,244.71,8.57
363,13,mar,2021,40952,241,39723,310,785,1,sabado,248.86,8.29
364,14,mar,2021,41274,322,39963,240,788,3,domingo,271.29,7.86
365,15,mar,2021,41483,209,40117,154,803,15,segunda-feira,266.29,8.57
366,16,mar,2021,41834,351,40269,152,817,14,terça-feira,278.57,9.0
367,17,mar,2021,42038,204,40693,424,826,9,quarta-feira,268.86,9.14
368,18,mar,2021,42311,273,40810,117,839,13,quinta-feira,268.71,9.29
369,19,mar,2021,42534,223,41170,360,847,8,sexta-feira,260.43,9.0
370,20,mar,2021,42807,273,41371,201,855,8,sabado,265.0,10.0
371,21,mar,2021,43097,290,41678,307,861,6,domingo,260.43,10.43
372,22,mar,2021,43327,230,41750,72,875,14,segunda-feira,263.43,10.29
373,23,mar,2021,43605,278,42065,315,885,10,terça-feira,253.0,9.71
374,24,mar,2021,43905,300,42340,275,899,14,quarta-feira,266.71,10.43
375,25,mar,2021,44252,347,42679,339,913,14,quinta-feira,277.29,10.57
376,26,mar,2021,44508,256,42885,206,927,14,sexta-feira,282.0,11.43
377,27,mar,2021,44789,281,43096,211,940,13,sabado,283.14,12.14
378,28,mar,2021,45038,249,43304,208,944,4,domingo,277.29,11.86
379,29,mar,2021,45294,256,43473,169,956,12,segunda-feira,281.0,11.57
380,30,mar,2021,45557,263,43604,131,968,12,terça-feira,278.86,11.86
381,31,mar,2021,45794,237,44091,487,979,11,quarta-feira,269.86,11.43
382,01,abr,2021,46083,289,44392,301,991,12,quinta-feira,261.57,11.14
383,02,abr,2021,46355,272,44674,282,995,4,sexta-feira,263.86,9.71
384,03,abr,2021,46658,303,44963,289,1001,6,sabado,267.0,8.71
385,04,abr,2021,46826,168,45179,216,1004,3,domingo,255.43,8.57
386,05,abr,2021,47004,178,45416,237,1014,10,segunda-feira,244.29,8.29
387,06,abr,2021,47258,254,45683,267,1024,10,terça-feira,243.0,8.0
388,07,abr,2021,47485,227,45862,179,1040,16,quarta-feira,241.57,8.71
389,08,abr,2021,47671,186,45972,110,1052,12,quinta-feira,226.86,8.71
390,09,abr,2021,47842,171,46029,57,1065,13,sexta-feira,212.43,10.0
391,10,abr,2021,48027,185,46293,264,1076,11,sabado,195.57,10.71
392,11,abr,2021,48147,120,46433,140,1082,6,domingo,188.71,11.14
393,12,abr,2021,48279,132,46564,131,1092,10,segunda-feira,182.14,11.14
394,13,abr,2021,48447,168,46716,152,1104,12,terça-feira,169.86,11.43
395,14,abr,2021,48625,178,46930,214,1114,10,quarta-feira,162.86,10.57
396,15,abr,2021,48821,196,47077,147,1124,10,quinta-feira,164.29,10.29
397,16,abr,2021,48995,174,47202,125,1134,10,sexta-feira,164.71,9.86
398,17,abr,2021,49163,168,47366,164,1137,3,sabado,162.29,8.71
399,18,abr,2021,49311,148,47489,123,1147,10,domingo,166.29,9.29
400,19,abr,2021,49436,125,47647,158,1153,6,segunda-feira,165.29,8.71
401,20,abr,2021,49615,179,47791,144,1164,11,terça-feira,166.86,8.57
402,21,abr,2021,49818,203,48037,246,1165,1,quarta-feira,170.43,7.29
403,22,abr,2021,49977,159,48188,151,1176,11,quinta-feira,165.14,7.43
404,23,abr,2021,50131,154,48393,205,1192,16,sexta-feira,162.29,8.29
405,24,abr,2021,50326,195,48547,154,1202,10,sabado,166.14,9.29
406,25,abr,2021,50437,111,48655,108,1205,3,domingo,160.86,8.29
407,26,abr,2021,50591,154,48822,167,1219,14,segunda-feira,165.0,9.43
408,27,abr,2021,50754,163,49016,194,1224,5,terça-feira,162.71,8.57
409,28,abr,2021,50899,145,49145,129,1233,9,quarta-feira,154.43,9.71
410,29,abr,2021,51021,122,49145,0,1238,5,quinta-feira,149.14,8.86
411,30,abr,2021,51149,128,49305,160,1243,5,sexta-feira,145.43,7.29
412,01,mai,2021,51278,129,49310,5,1247,4,sabado,136.0,6.43
413,02,mai,2021,51372,94,49323,13,1249,2,domingo,133.57,6.29
414,03,mai,2021,51500,128,49374,51,1261,12,segunda-feira,129.86,6.0
415,04,mai,2021,51641,141,49409,35,1274,13,terça-feira,126.71,7.14
416,05,mai,2021,51812,171,49998,589,1284,10,quarta-feira,130.43,7.29
417,06,mai,2021,51971,159,50149,151,1295,11,quinta-feira,135.71,8.14
418,07,mai,2021,52130,159,50322,173,1300,5,sexta-feira,140.14,8.14
419,08,mai,2021,52286,156,50490,168,1303,3,sabado,144.0,8.0
420,09,mai,2021,52422,136,50570,80,1303,0,domingo,150.0,7.71
421,10,mai,2021,52576,154,50835,265,1313,10,segunda-feira,153.71,7.43
422,11,mai,2021,52721,145,50966,131,1319,6,terça-feira,154.29,6.43
423,12,mai,2021,52896,175,51155,189,1325,6,quarta-feira,154.86,5.86
424,13,mai,2021,53196,300,51390,235,1331,6,quinta-feira,175.0,5.14
425,14,mai,2021,53645,449,51805,415,1336,5,sexta-feira,216.43,5.14
426,15,mai,2021,53797,152,51861,56,1338,2,sabado,215.86,5.0
427,16,mai,2021,53968,171,51903,42,1338,0,domingo,220.86,5.0
428,17,mai,2021,54167,199,52320,417,1354,16,segunda-feira,227.29,5.86
429,18,mai,2021,54331,164,52448,128,1361,7,terça-feira,230.0,6.0
430,19,mai,2021,54649,318,52655,207,1366,5,quarta-feira,250.43,5.86
431,20,mai,2021,54858,209,52934,279,1370,4,quinta-feira,237.43,5.57
432,21,mai,2021,55231,373,53286,352,1380,10,sexta-feira,226.57,6.29
433,22,mai,2021,55524,293,53455,169,1388,8,sabado,246.71,7.14
434,23,mai,2021,55751,227,53530,75,1388,0,domingo,254.71,7.14
435,24,mai,2021,55889,138,53966,436,1403,15,segunda-feira,246.0,7.0
436,25,mai,2021,56271,382,54182,216,1414,11,terça-feira,277.14,7.57
437,26,mai,2021,56584,313,54468,286,1424,10,quarta-feira,276.43,8.29
438,27,mai,2021,56873,289,54664,196,1436,12,quinta-feira,287.86,9.43
439,28,mai,2021,57134,261,54961,297,1443,7,sexta-feira,271.86,9.0
440,29,mai,2021,57349,215,55101,140,1448,5,sabado,260.71,8.57
441,30,mai,2021,57525,176,55244,143,1448,0,domingo,253.43,8.57
442,31,mai,2021,57651,126,55652,408,1463,15,segunda-feira,251.71,8.57
443,01,jun,2021,57933,282,55847,195,1478,15,terça-feira,237.43,9.14
444,02,jun,2021,58197,264,55964,117,1489,11,quarta-feira,230.43,9.29
445,03,jun,2021,58668,471,56612,648,1497,8,quinta-feira,256.43,8.71
446,04,jun,2021,59327,659,57151,539,1506,9,sexta-feira,313.29,9.0
447,05,jun,2021,59616,289,57342,191,1511,5,sabado,323.86,9.0
448,06,jun,2021,59820,204,57556,214,1511,0,domingo,327.86,9.0
449,07,jun,2021,60128,308,58006,450,1526,15,segunda-feira,353.86,9.0
450,08,jun,2021,60370,242,58242,236,1540,14,terça-feira,348.14,8.86
451,09,jun,2021,60685,315,58604,362,1555,15,quarta-feira,355.43,9.43
452,10,jun,2021,60998,313,58786,182,1559,4,quinta-feira,332.86,8.86
453,11,jun,2021,61886,888,59547,761,1563,4,sexta-feira,365.57,8.14
454,12,jun,2021,62561,675,59763,216,1568,5,sabado,420.71,8.14
455,13,jun,2021,62601,40,59763,0,1571,3,domingo,397.29,8.57
456,14,jun,2021,62714,113,60370,607,1590,19,segunda-feira,369.43,9.14
457,15,jun,2021,63045,331,60702,332,1599,9,terça-feira,382.14,8.43
458,16,jun,2021,63496,451,61152,450,1610,11,quarta-feira,401.57,7.86
459,17,jun,2021,63785,289,61405,253,1618,8,quinta-feira,398.14,8.43
460,18,jun,2021,64024,239,61624,219,1628,10,sexta-feira,305.43,9.29
461,19,jun,2021,64280,256,61682,58,1632,4,sabado,245.57,9.14
462,20,jun,2021,64480,200,61722,40,1634,2,domingo,268.43,9.0
463,21,jun,2021,64580,100,62236,514,1648,14,segunda-feira,266.57,8.29
464,22,jun,2021,64921,341,62472,236,1663,15,terça-feira,268.0,9.14
465,23,jun,2021,65155,234,62750,278,1672,9,quarta-feira,237.0,8.86
466,24,jun,2021,65381,226,62963,213,1681,9,quinta-feira,228.0,9.0
467,25,jun,2021,65544,163,63157,194,1692,11,sexta-feira,217.14,9.14
468,26,jun,2021,65705,161,63192,35,1694,2,sabado,203.57,8.86
469,27,jun,2021,65901,196,63239,47,1696,2,domingo,203.0,8.86
470,28,jun,2021,66009,108,63723,484,1709,13,segunda-feira,204.14,8.71
471,29,jun,2021,66247,238,63909,186,1719,10,terça-feira,189.43,8.0
472,30,jun,2021,66489,242,64110,201,1725,6,quarta-feira,190.57,7.57
473,01,jul,2021,66697,208,64291,181,1730,5,quinta-feira,188.0,7.0
474,02,jul,2021,66992,295,64589,298,1736,6,sexta-feira,206.86,6.29
475,03,jul,2021,67212,220,64632,43,1738,2,sabado,215.29,6.29
476,04,jul,2021,67393,181,64650,18,1738,0,domingo,213.14,6.0
477,05,jul,2021,67502,109,65109,459,1747,9,segunda-feira,213.29,5.43
478,06,jul,2021,67636,134,65137,28,1755,8,terça-feira,198.43,5.14
479,07,jul,2021,67763,127,65179,42,1762,7,quarta-feira,182.0,5.29
480,08,jul,2021,67884,121,65433,254,1769,7,quinta-feira,169.57,5.57
481,09,jul,2021,67991,107,65643,210,1776,7,sexta-feira,142.71,5.71
482,10,jul,2021,68074,83,65652,9,1777,1,sabado,123.14,5.57
483,11,jul,2021,68189,115,65678,26,1777,0,domingo,113.71,5.57
484,12,jul,2021,68291,102,65986,308,1785,8,segunda-feira,112.71,5.43
485,13,jul,2021,68466,175,66114,128,1794,9,terça-feira,118.57,5.57
486,14,jul,2021,68645,179,66268,154,1802,8,quarta-feira,126.0,5.71
487,15,jul,2021,68761,116,66418,150,1809,7,quinta-feira,125.29,5.71
488,16,jul,2021,68874,113,66552,134,1817,8,sexta-feira,126.14,5.86
489,17,jul,2021,68968,94,66568,16,1818,1,sabado,127.71,5.86
490,18,jul,2021,69029,61,66574,6,1818,0,domingo,120.0,5.86
491,19,jul,2021,69154,125,66861,287,1826,8,segunda-feira,123.29,5.86
492,20,jul,2021,69292,138,66997,136,1831,5,terça-feira,118.0,5.29
493,21,jul,2021,69402,110,67115,118,1837,6,quarta-feira,108.14,5.0
494,22,jul,2021,69503,101,67224,109,1840,3,quinta-feira,106.0,4.43
495,23,jul,2021,69611,108,67260,36,1844,4,sexta-feira,105.29,3.86
496,24,jul,2021,69682,71,67289,29,1845,1,sabado,102.0,3.86
497,25,jul,2021,69809,127,67338,49,1845,0,domingo,111.43,3.86
498,26,jul,2021,69925,116,67677,339,1851,6,segunda-feira,110.14,3.57
499,27,jul,2021,70065,140,67773,96,1856,5,terça-feira,110.43,3.57
500,28,jul,2021,70224,159,67917,144,1862,6,quarta-feira,117.43,3.57
501,29,jul,2021,70327,103,67996,79,1865,3,quinta-feira,117.71,3.57
502,30,jul,2021,70437,110,68009,13,1868,3,sexta-feira,118.0,3.43
503,31,jul,2021,70505,68,68124,115,1870,2,sabado,117.57,3.57
504,01,ago,2021,70554,49,68125,1,1872,2,domingo,106.43,3.86
505,02,ago,2021,70598,44,68135,10,1881,9,segunda-feira,96.14,4.29
506,03,ago,2021,70685,87,68345,210,1889,8,terça-feira,88.57,4.71
507,04,ago,2021,70759,74,68345,0,1893,4,quarta-feira,76.43,4.43
508,05,ago,2021,70841,82,68513,168,1895,2,quinta-feira,73.43,4.29
509,06,ago,2021,70913,72,68600,87,1899,4,sexta-feira,68.0,4.43
510,07,ago,2021,71078,165,68682,82,1900,1,sabado,81.86,4.29
511,08,ago,2021,71158,80,68703,21,1900,0,domingo,86.29,4.0
512,09,ago,2021,71251,93,68877,174,1907,7,segunda-feira,93.29,3.71
513,10,ago,2021,71358,107,68923,46,1909,2,terça-feira,96.14,2.86
514,11,ago,2021,71504,146,68991,68,1911,2,quarta-feira,106.43,2.57
515,12,ago,2021,71693,189,69029,38,1914,3,quinta-feira,121.71,2.71
516,13,ago,2021,71852,159,69262,233,1915,1,sexta-feira,134.14,2.29
517,14,ago,2021,72022,170,69340,78,1916,1,sabado,134.86,2.29
518,15,ago,2021,72171,149,69451,111,1916,0,domingo,144.71,2.29
519,16,ago,2021,72215,44,69551,100,1922,6,segunda-feira,137.71,2.14
520,17,ago,2021,72393,178,69706,155,1927,5,terça-feira,147.86,2.57
521,18,ago,2021,72672,279,69846,140,1934,7,quarta-feira,166.86,3.29
522,19,ago,2021,72925,253,70028,182,1939,5,quinta-feira,176.0,3.57
523,20,ago,2021,73143,218,70197,169,1944,5,sexta-feira,184.43,4.14
524,21,ago,2021,73296,153,70400,203,1945,1,sabado,182.0,4.14
525,22,ago,2021,73381,85,70427,27,1945,0,domingo,172.86,4.14
526,23,ago,2021,73491,110,70839,412,1951,6,segunda-feira,182.29,4.14
527,24,ago,2021,73772,281,70956,117,1952,1,terça-feira,197.0,3.57
528,25,ago,2021,74009,237,71263,307,1958,6,quarta-feira,191.0,3.43
529,26,ago,2021,74243,234,71592,329,1963,5,quinta-feira,188.29,3.43
530,27,ago,2021,74509,266,71848,256,1964,1,sexta-feira,195.14,2.86
531,28,ago,2021,74722,213,71879,31,1965,1,sabado,203.71,2.86
532,29,ago,2021,75117,395,72132,253,1965,0,domingo,248.0,2.86
533,30,ago,2021,75259,142,72545,413,1972,7,segunda-feira,252.57,3.0
534,31,ago,2021,75513,254,72724,179,1976,4,terça-feira,248.71,3.43
535,01,set,2021,75706,193,72886,162,1981,5,quarta-feira,242.43,3.29
536,02,set,2021,75972,266,73110,224,1984,3,quinta-feira,247.0,3.0
537,03,set,2021,76268,296,73320,210,1988,4,sexta-feira,251.29,3.43
538,04,set,2021,76588,320,73576,256,1993,5,sabado,266.57,4.0
539,05,set,2021,76904,316,73826,250,1993,0,domingo,255.29,4.0
540,06,set,2021,77072,168,74096,270,1999,6,segunda-feira,259.0,3.86
541,07,set,2021,77174,102,74327,231,2002,3,terça-feira,237.29,3.71
542,08,set,2021,77572,398,74628,301,2010,8,quarta-feira,266.57,4.14
543,09,set,2021,77896,324,75015,387,2013,3,quinta-feira,274.86,4.14
544,10,set,2021,78079,183,75295,280,2022,9,sexta-feira,258.71,4.86
545,11,set,2021,78327,248,75562,267,2022,0,sabado,248.43,4.14
546,12,set,2021,78550,223,75814,252,2023,1,domingo,235.14,4.29
547,13,set,2021,78786,236,76063,249,2033,10,segunda-feira,244.86,4.86
548,14,set,2021,79029,243,76223,160,2041,8,terça-feira,265.0,5.57
549,15,set,2021,79380,351,76428,205,2045,4,quarta-feira,258.29,5.0
550,16,set,2021,79642,262,76674,246,2054,9,quinta-feira,249.43,5.86
551,17,set,2021,79858,216,76900,226,2060,6,sexta-feira,254.14,5.43
552,18,set,2021,80161,303,77184,284,2061,1,sabado,262.0,5.57
553,19,set,2021,80396,235,77436,252,2061,0,domingo,263.71,5.43
554,20,set,2021,80708,312,77726,290,2070,9,segunda-feira,274.57,5.29
555,21,set,2021,80950,242,77954,228,2079,9,terça-feira,274.43,5.43
556,22,set,2021,81216,266,78167,213,2090,11,quarta-feira,262.29,6.43
557,23,set,2021,81477,261,78478,311,2098,8,quinta-feira,262.14,6.29
558,24,set,2021,81773,296,78704,226,2104,6,sexta-feira,273.57,6.29
559,25,set,2021,82122,349,79031,327,2107,3,sabado,280.14,6.57
560,26,set,2021,82287,165,79293,262,2110,3,domingo,270.14,7.0
561,27,set,2021,82484,197,79578,285,2120,10,segunda-feira,253.71,7.14
562,28,set,2021,82672,188,79753,175,2129,9,terça-feira,246.0,7.14
563,29,set,2021,82883,211,79900,147,2138,9,quarta-feira,238.14,6.86
564,30,set,2021,83122,239,80148,248,2146,8,quinta-feira,235.0,6.86
565,01,out,2021,83352,230,80440,292,2153,7,sexta-feira,225.57,7.0
566,02,out,2021,83601,249,80488,48,2154,1,sabado,211.29,6.71
567,03,out,2021,83720,119,80509,21,2154,0,domingo,204.71,6.29
568,04,out,2021,83837,117,80965,456,2164,10,segunda-feira,193.29,6.29
569,05,out,2021,84049,212,81118,153,2173,9,terça-feira,196.71,6.29
570,06,out,2021,84233,184,81269,151,2180,7,quarta-feira,192.86,6.0
571,07,out,2021,84347,114,81440,171,2185,5,quinta-feira,175.0,5.57
572,08,out,2021,84462,115,81574,134,2191,6,sexta-feira,158.57,5.43
573,09,out,2021,84563,101,81700,126,2192,1,sabado,137.43,5.43
574,10,out,2021,84630,67,81889,189,2192,0,domingo,130.0,5.43
575,11,out,2021,84709,79,81969,80,2195,3,segunda-feira,124.57,4.43
576,12,out,2021,84826,117,82075,106,2195,0,terça-feira,111.0,3.14
577,13,out,2021,85032,206,82174,99,2204,9,quarta-feira,114.14,3.43
578,14,out,2021,85159,127,82371,197,2212,8,quinta-feira,116.0,3.86
579,15,out,2021,85295,136,82549,178,2220,8,sexta-feira,119.0,4.14
580,16,out,2021,85422,127,82811,262,2225,5,sabado,122.71,4.71
581,17,out,2021,85577,155,82907,96,2225,0,domingo,135.29,4.71
582,18,out,2021,85732,155,83059,152,2232,7,segunda-feira,146.14,5.29
583,19,out,2021,85877,145,83154,95,2234,2,terça-feira,150.14,5.57
584,20,out,2021,86025,148,83290,136,2237,3,quarta-feira,141.86,4.71
585,21,out,2021,86216,191,83433,143,2240,3,quinta-feira,151.0,4.0
586,22,out,2021,86329,113,83521,88,2242,2,sexta-feira,147.71,3.14
587,23,out,2021,86386,57,83616,95,2242,0,sabado,137.71,2.43
588,24,out,2021,86450,64,83731,115,2242,0,domingo,124.71,2.43
589,25,out,2021,86511,61,83841,110,2249,7,segunda-feira,111.29,2.43
590,26,out,2021,86628,117,83917,76,2251,2,terça-feira,107.29,2.43
591,27,out,2021,86698,70,83989,72,2255,4,quarta-feira,96.14,2.57
592,28,out,2021,86751,53,84072,83,2259,4,quinta-feira,76.43,2.71
593,29,out,2021,86822,71,84176,104,2263,4,sexta-feira,70.43,3.0
594,30,out,2021,86892,70,84254,78,2264,1,sabado,72.29,3.14
595,31,out,2021,86934,42,84327,73,2264,0,domingo,69.14,3.14
596,01,nov,2021,86984,50,84396,69,2267,3,segunda-feira,67.57,2.57
597,02,nov,2021,87035,51,84436,40,2270,3,terça-feira,58.14,2.71
598,03,nov,2021,87121,86,84514,78,2274,4,quarta-feira,60.43,2.71
599,04,nov,2021,87193,72,84585,71,2276,2,quinta-feira,63.14,2.43
600,05,nov,2021,87242,49,84646,61,2278,2,sexta-feira,60.0,2.14
601,06,nov,2021,87299,57,84745,99,2278,0,sabado,58.14,2.0
602,07,nov,2021,87337,38,84780,35,2278,0,domingo,57.57,2.0
603,08,nov,2021,87387,50,84833,53,2283,5,segunda-feira,57.57,2.29
604,09,nov,2021,87447,60,84908,75,2286,3,terça-feira,58.86,2.29
605,10,nov,2021,87493,46,84943,35,2289,3,quarta-feira,53.14,2.14
606,11,nov,2021,87522,29,84993,50,2292,3,quinta-feira,47.0,2.29
607,12,nov,2021,87563,41,85027,34,2296,4,sexta-feira,45.86,2.57
608,13,nov,2021,87601,38,85095,68,2298,2,sabado,43.14,2.86
609,14,nov,2021,87633,32,85161,66,2299,1,domingo,42.29,3.0
610,15,nov,2021,87676,43,85233,72,2299,0,segunda-feira,41.29,2.29
611,16,nov,2021,87758,82,85298,65,2302,3,terça-feira,44.43,2.29
612,17,nov,2021,87825,67,85370,72,2305,3,quarta-feira,47.43,2.29
613,18,nov,2021,87877,52,85420,50,2308,3,quinta-feira,50.71,2.29
614,19,nov,2021,87948,71,85483,63,2310,2,sexta-feira,55.0,2.0
615,20,nov,2021,88018,70,85572,89,2311,1,sabado,59.57,1.86
616,21,nov,2021,88052,34,85606,34,2311,0,domingo,59.86,1.71
617,22,nov,2021,88075,23,85655,49,2312,1,segunda-feira,57.0,1.86
618,23,nov,2021,88182,107,85746,91,2313,1,terça-feira,60.57,1.57
619,24,nov,2021,88250,68,85822,76,2314,1,quarta-feira,60.71,1.29
620,25,nov,2021,88314,64,85869,47,2314,0,quinta-feira,62.43,0.86
621,26,nov,2021,88348,34,85920,51,2314,0,sexta-feira,57.14,0.57
622,27,nov,2021,88377,29,85951,31,2314,0,sabado,51.29,0.43
623,28,nov,2021,88403,26,85992,41,2314,0,domingo,50.14,0.43
624,29,nov,2021,88442,39,86045,53,2314,0,segunda-feira,52.43,0.29
625,30,nov,2021,88481,39,86089,44,2314,0,terça-feira,42.71,0.14
626,01,dez,2021,88532,51,86147,58,2315,1,quarta-feira,40.29,0.14
627,02,dez,2021,88580,48,86200,53,2315,0,quinta-feira,38.0,0.14
628,03,dez,2021,88625,45,86250,50,2315,0,sexta-feira,39.57,0.14
629,04,dez,2021,88699,74,86322,72,2315,0,sabado,46.0,0.14
630,05,dez,2021,88880,181,86503,181,2315,0,domingo,68.14,0.14
631,06,dez,2021,88895,15,86534,31,2316,1,segunda-feira,64.71,0.29
632,07,dez,2021,88907,12,86540,6,2316,0,terça-feira,60.86,0.29
633,08,dez,2021,88917,10,86548,8,2318,2,quarta-feira,55.0,0.43
634,09,dez,2021,88920,3,86559,11,2318,0,quinta-feira,48.57,0.43
635,10,dez,2021,88927,7,86567,8,2318,0,sexta-feira,43.14,0.43
636,11,dez,2021,88927,0,86567,0,2318,0,sabado,32.57,0.43
637,12,dez,2021,88927,0,86567,0,2318,0,domingo,6.71,0.43
638,13,dez,2021,88931,4,86582,15,2318,0,segunda-feira,5.14,0.29
639,14,dez,2021,88943,12,86586,4,2319,1,terça-feira,5.14,0.43
640,15,dez,2021,88950,7,86590,4,2319,0,quarta-feira,4.71,0.14
641,16,dez,2021,88952,2,86596,6,2320,1,quinta-feira,4.57,0.29
642,17,dez,2021,88958,6,86601,5,2321,1,sexta-feira,4.43,0.43
643,18,dez,2021,88958,0,86601,0,2321,0,sabado,4.43,0.43
644,19,dez,2021,88958,0,86601,0,2321,0,domingo,4.43,0.43
645,20,dez,2021,88971,13,86611,10,2321,0,segunda-feira,5.71,0.43
646,21,dez,2021,88998,27,86617,6,2321,0,terça-feira,7.86,0.29
647,22,dez,2021,89022,24,86619,2,2321,0,quarta-feira,10.29,0.29
648,23,dez,2021,89040,18,86631,12,2321,0,quinta-feira,12.57,0.14
649,24,dez,2021,89051,11,86631,0,2321,0,sexta-feira,13.29,0.0
650,25,dez,2021,89051,0,86631,0,2321,0,sabado,13.29,0.0
651,26,dez,2021,89051,0,86631,0,2321,0,domingo,13.29,0.0
652,27,dez,2021,89098,47,86698,67,2321,0,segunda-feira,18.14,0.0
653,28,dez,2021,89137,39,86712,14,2323,2,terça-feira,19.86,0.29
654,29,dez,2021,89184,47,86714,2,2323,0,quarta-feira,23.14,0.29
655,30,dez,2021,89207,23,86714,0,2323,0,quinta-feira,23.86,0.29
656,31,dez,2021,89227,20,86724,10,2323,0,sexta-feira,25.14,0.29
657,01,jan,2022,89227,0,86724,0,2323,0,sabado,25.14,0.29
658,02,jan,2022,89227,0,86724,0,2323,0,domingo,25.14,0.29
659,03,jan,2022,89292,65,86773,49,2323,0,segunda-feira,27.71,0.29
660,04,jan,2022,89487,195,86835,62,2323,0,terça-feira,50.0,0.0
661,05,jan,2022,89674,187,86857,22,2323,0,quarta-feira,70.0,0.0
662,06,jan,2022,89953,279,86955,98,2323,0,quinta-feira,106.57,0.0
663,07,jan,2022,90338,385,86969,14,2324,1,sexta-feira,158.71,0.14
664,08,jan,2022,90338,0,86969,0,2324,0,sabado,158.71,0.14
665,09,jan,2022,90338,0,86969,0,2324,0,domingo,158.71,0.14
666,10,jan,2022,90858,520,87346,377,2324,0,segunda-feira,223.71,0.14
667,11,jan,2022,91394,536,87357,11,2325,1,terça-feira,272.43,0.29
668,12,jan,2022,91956,562,87732,375,2326,1,quarta-feira,326.0,0.43
669,13,jan,2022,92621,665,88119,387,2326,0,quinta-feira,381.14,0.43
670,14,jan,2022,93057,436,88494,375,2326,0,sexta-feira,388.43,0.29
671,15,jan,2022,93466,409,88983,489,2326,0,sabado,446.86,0.29
672,16,jan,2022,93875,409,89088,105,2326,0,domingo,505.29,0.29
673,17,jan,2022,94331,456,90072,984,2326,0,segunda-feira,496.14,0.29
674,18,jan,2022,94906,575,90446,374,2327,1,terça-feira,501.71,0.29
675,19,jan,2022,95469,563,90958,512,2329,2,quarta-feira,501.86,0.43
676,20,jan,2022,95850,381,91487,529,2332,3,quinta-feira,461.29,0.86
677,21,jan,2022,96493,643,91812,325,2335,3,sexta-feira,490.86,1.29
678,22,jan,2022,96871,378,93021,1209,2335,0,sabado,486.43,1.29
679,23,jan,2022,97219,348,93225,204,2336,1,domingo,477.71,1.43
680,24,jan,2022,97677,458,93432,207,2338,2,segunda-feira,478.0,1.71
681,25,jan,2022,98390,713,94836,1404,2342,4,terça-feira,497.71,2.14
682,26,jan,2022,99056,666,95301,465,2343,1,quarta-feira,512.43,2.0
683,27,jan,2022,99640,584,96045,744,2344,1,quinta-feira,541.43,1.71
684,28,jan,2022,100147,507,96714,669,2347,3,sexta-feira,522.0,1.71
685,29,jan,2022,100997,850,97414,700,2350,3,sabado,589.43,2.14
686,30,jan,2022,101642,645,97953,539,2351,1,domingo,631.86,2.14
687,31,jan,2022,102351,709,98752,799,2353,2,segunda-feira,667.71,2.14
688,01,fev,2022,103226,875,99510,758,2358,5,terça-feira,690.86,2.29
689,02,fev,2022,104030,804,100037,527,2363,5,quarta-feira,710.57,2.86
690,03,fev,2022,104863,833,100932,895,2368,5,quinta-feira,746.14,3.43
691,04,fev,2022,105502,639,101838,906,2371,3,sexta-feira,765.0,3.43
692,05,fev,2022,106141,639,102023,185,2371,0,sabado,734.86,3.0
693,06,fev,2022,106916,775,103189,1166,2371,0,domingo,753.43,2.86
694,07,fev,2022,107749,833,103894,705,2377,6,segunda-feira,771.14,3.43
695,08,fev,2022,108571,822,104651,757,2384,7,terça-feira,763.57,3.71
696,09,fev,2022,109383,812,105311,660,2389,5,quarta-feira,764.71,3.71
697,10,fev,2022,110231,848,106103,792,2393,4,quinta-feira,766.86,3.57
698,11,fev,2022,111083,852,106711,608,2399,6,sexta-feira,797.29,4.0
699,12,fev,2022,111633,550,107235,524,2403,4,sabado,784.57,4.57
700,13,fev,2022,112133,500,108064,829,2403,0,domingo,745.29,4.57
701,14,fev,2022,112718,585,108636,572,2406,3,segunda-feira,709.86,4.14
702,15,fev,2022,113460,742,109114,478,2408,2,terça-feira,698.43,3.43
703,16,fev,2022,114132,672,109706,592,2415,7,quarta-feira,678.43,3.71
704,17,fev,2022,115006,874,110544,838,2419,4,quinta-feira,682.14,3.71
705,18,fev,2022,115526,520,111246,702,2423,4,sexta-feira,634.71,3.43
706,19,fev,2022,116076,550,111944,698,2425,2,sabado,634.71,3.14
707,20,fev,2022,116813,737,112381,437,2425,0,domingo,668.57,3.14
708,21,fev,2022,117470,657,113191,810,2428,3,segunda-feira,678.86,3.14
709,22,fev,2022,117918,448,113627,436,2429,1,terça-feira,636.86,3.0
710,23,fev,2022,118466,548,114259,632,2430,1,quarta-feira,619.14,2.14
711,24,fev,2022,119038,572,114911,652,2435,5,quinta-feira,576.0,2.29
712,25,fev,2022,119338,300,115451,540,2436,1,sexta-feira,544.57,1.86
713,26,fev,2022,119770,432,115973,522,2436,0,sabado,527.71,1.57
714,27,fev,2022,120366,596,116417,444,2436,0,domingo,507.57,1.57
715,28,fev,2022,120824,458,117011,594,2436,0,segunda-feira,479.14,1.14
716,01,mar,2022,121392,568,117376,365,2436,0,terça-feira,496.29,1.0
717,02,mar,2022,122007,615,118479,1103,2439,3,quarta-feira,505.86,1.29
718,03,mar,2022,122576,569,119066,587,2442,3,quinta-feira,505.43,1.0
